provider_key,provider_name,track_instance_id,year,track_id,rank,stratum,loss_eur,selection_score,selection_score_kind,sample_weight,frequency_annual,return_period_years_approx,max_wind_mps,category,min_distance_km,closest_lat,closest_lon,quadrant
storm,STORM,storm|8925|8_8925_4,8925,8_8925_4,70,rank_051_100,0.0,68.8231196194475,intensity_distance_weighted_mps,25.0,0.0025,400.0,69.43181818181819,4,14.106693156686516,16.3,-61.39999999999998,NE
storm,STORM,storm|8527|8_8527_5,8527,8_8527_5,77,rank_051_100,0.0,68.4450779343084,intensity_distance_weighted_mps,25.0,0.0025,200.0,69.31818181818183,4,16.9415486769099,16.3,-61.5,NW
storm,STORM,storm|5062|5_5062_6,5062,5_5062_6,109,rank_101_200,0.0,66.48827072139869,intensity_distance_weighted_mps,50.0,0.005,100.0,66.93181818181819,4,12.251486582519494,16.2,-61.30000000000001,NE
storm,STORM,storm|6757|6_6757_11,6757,6_6757_11,142,rank_101_200,0.0,65.27817010472495,intensity_distance_weighted_mps,50.0,0.005,66.66666666666667,66.36363636363637,4,19.342626122509245,16.0,-61.39999999999998,SE
storm,STORM,storm|6840|6_6840_7,6840,6_6840_7,217,rank_201_500,0.0,62.34091631883847,intensity_distance_weighted_mps,50.0,0.005,50.0,72.95454545454547,5,61.89230007550753,16.7,-61.60000000000002,NW
storm,STORM,storm|1516|1_1516_13,1516,1_1516_13,221,rank_201_500,0.0,62.263795102672866,intensity_distance_weighted_mps,50.0,0.005,40.0,62.84090909090909,4,14.441232677570758,16.1,-61.30000000000001,SE
storm,STORM,storm|9313|9_9313_1,9313,9_9313_1,254,rank_201_500,0.0,61.52140499687994,intensity_distance_weighted_mps,50.0,0.005,33.33333333333333,61.93181818181819,4,12.251486582519494,16.2,-61.30000000000001,NE
storm,STORM,storm|9002|9_9002_2,9002,9_9002_2,280,rank_201_500,0.0,60.94468568028191,intensity_distance_weighted_mps,50.0,0.005,28.57142857142857,66.70454545454547,4,46.11362818724813,16.3,-61.0,NE
storm,STORM,storm|940|0_940_4,940,0_940_4,299,rank_201_500,0.0,60.35407836244488,intensity_distance_weighted_mps,50.0,0.005,25.0,62.84090909090909,4,30.448160511479074,15.9,-61.39999999999998,SE
storm,STORM,storm|5741|5_5741_7,5741,5_5741_7,333,rank_201_500,0.0,59.54384247913656,intensity_distance_weighted_mps,50.0,0.005,22.22222222222222,72.38636363636364,5,69.6623266658628,16.8,-61.39999999999998,NE
storm,STORM,storm|3296|3_3296_8,3296,3_3296_8,517,rank_501_1000,0.0,56.11156856446705,intensity_distance_weighted_mps,62.5,0.00625,19.51219512195122,62.727272727272734,4,51.50543893485941,16.6,-61.60000000000002,NW
storm,STORM,storm|5643|5_5643_11,5643,5_5643_11,545,rank_501_1000,0.0,55.707510892933,intensity_distance_weighted_mps,62.5,0.00625,17.39130434782609,68.06818181818183,4,70.65703423409055,16.8,-61.30000000000001,NE
storm,STORM,storm|9165|9_9165_4,9165,9_9165_4,598,rank_501_1000,0.0,54.59212474725031,intensity_distance_weighted_mps,62.5,0.00625,15.686274509803921,61.02272727272728,4,51.48160684479339,15.9,-61.80000000000001,SW
storm,STORM,storm|4360|4_4360_5,4360,4_4360_5,642,rank_501_1000,0.0,53.70864386173861,intensity_distance_weighted_mps,62.5,0.00625,14.285714285714285,56.81818181818182,3,36.092510952515966,16.3,-61.10000000000002,NE
storm,STORM,storm|1038|1_1038_7,1038,1_1038_7,674,rank_501_1000,0.0,53.177633034085275,intensity_distance_weighted_mps,62.5,0.00625,13.114754098360654,57.613636363636374,3,43.32341565106727,15.9,-61.69999999999999,SW
storm,STORM,storm|9263|9_9263_12,9263,9_9263_12,846,rank_501_1000,0.0,50.74529439780998,intensity_distance_weighted_mps,62.5,0.00625,12.12121212121212,72.27272727272728,5,97.69885922102058,17.0,-61.10000000000002,NE
storm,STORM,storm|8926|8_8926_5,8926,8_8926_5,860,rank_501_1000,0.0,50.521118714550305,intensity_distance_weighted_mps,62.5,0.00625,11.267605633802814,59.659090909090914,4,63.79397968727137,15.6,-61.39999999999998,SE
storm,STORM,storm|2658|2_2658_2,2658,2_2658_2,957,rank_501_1000,0.0,49.09019981869642,intensity_distance_weighted_mps,62.5,0.00625,10.526315789473681,49.43181818181819,3,12.513086963196397,16.1,-61.5,SW
storm,STORM,storm|3769|3_3769_0,3769,3_3769_0,1019,rank_1001_2000,0.0,48.38040758453894,intensity_distance_weighted_mps,71.42857143,0.007142857142857143,9.790209790209786,59.88636363636365,4,73.15059333341671,16.7,-61.0,NE
storm,STORM,storm|7757|7_7757_1,7757,7_7757_1,1109,rank_1001_2000,0.0,47.36508360350603,intensity_distance_weighted_mps,71.42857143,0.007142857142857143,9.150326797385619,70.3409090909091,5,104.47146068282125,16.7,-60.60000000000002,NE
storm,STORM,storm|6953|6_6953_7,6953,6_6953_7,1193,rank_1001_2000,0.0,45.99517954441365,intensity_distance_weighted_mps,71.42857143,0.007142857142857143,8.58895705521472,47.95454545454546,2,30.959424117241788,16.2,-61.69999999999999,NW
storm,STORM,storm|5122|5_5122_0,5122,5_5122_0,1207,rank_1001_2000,0.0,45.7995803263886,intensity_distance_weighted_mps,71.42857143,0.007142857142857143,8.092485549132945,51.25000000000001,3,51.745844798255305,15.8,-61.69999999999999,SW
storm,STORM,storm|223|0_223_7,223,0_223_7,1310,rank_1001_2000,0.0,44.59929772565968,intensity_distance_weighted_mps,71.42857143,0.007142857142857143,7.650273224043714,45.34090909090909,2,19.342626122509245,16.0,-61.39999999999998,SE
storm,STORM,storm|6867|6_6867_6,6867,6_6867_6,1402,rank_1001_2000,0.0,43.30818503310784,intensity_distance_weighted_mps,71.42857143,0.007142857142857143,7.253886010362692,68.52272727272728,4,114.45422033794496,15.6,-62.30000000000001,SW
storm,STORM,storm|7894|7_7894_5,7894,7_7894_5,1408,rank_1001_2000,0.0,43.25880180189183,intensity_distance_weighted_mps,71.42857143,0.007142857142857143,6.896551724137929,48.86363636363637,2,53.99274592255906,15.7,-61.30000000000001,SE
storm,STORM,storm|4313|4_4313_4,4313,4_4313_4,1780,rank_1001_2000,0.0,39.24660787710745,intensity_distance_weighted_mps,71.42857143,0.007142857142857143,6.572769953051641,59.77272727272728,4,108.47848751911921,16.4,-62.39999999999998,NW
storm,STORM,storm|2976|2_2976_4,2976,2_2976_4,1792,rank_1001_2000,0.0,39.159560982087925,intensity_distance_weighted_mps,71.42857143,0.007142857142857143,6.278026905829594,39.659090909090914,1,16.9415486769099,16.3,-61.5,NW
storm,STORM,storm|4462|4_4462_14,4462,4_4462_14,1840,rank_1001_2000,0.0,38.72566995236241,intensity_distance_weighted_mps,71.42857143,0.007142857142857143,6.008583690987122,41.70454545454546,1,41.602359791420966,16.2,-61.80000000000001,NW
storm,STORM,storm|3614|3_3614_1,3614,3_3614_1,1873,rank_1001_2000,0.0,38.43402060797088,intensity_distance_weighted_mps,71.42857143,0.007142857142857143,5.761316872427981,69.43181818181819,4,134.70966888502159,16.9,-60.39999999999998,NE
storm,STORM,storm|5445|5_5445_11,5445,5_5445_11,1898,rank_1001_2000,0.0,38.305005700483825,intensity_distance_weighted_mps,71.42857143,0.007142857142857143,5.533596837944662,42.95454545454545,2,52.25988817155962,16.2,-61.89999999999998,NW
storm,STORM,storm|6732|6_6732_11,6732,6_6732_11,1919,rank_1001_2000,0.0,38.202463094011456,intensity_distance_weighted_mps,71.42857143,0.007142857142857143,5.323193916349808,66.70454545454547,4,129.56385816242735,17.3,-61.10000000000002,NE
storm,STORM,storm|616|0_616_8,616,0_616_8,1982,rank_1001_2000,0.0,37.72714081768344,intensity_distance_weighted_mps,71.42857143,0.007142857142857143,5.128205128205127,38.295454545454554,1,18.410194885213727,16.3,-61.30000000000001,NE
storm,STORM,storm|1966|1_1966_5,1966,1_1966_5,2011,rank_2001_5000,0.0,37.47714532086114,intensity_distance_weighted_mps,107.14285714,0.010714285714285714,4.86111111111111,47.5,2,77.57177417474774,15.5,-61.60000000000002,SW
storm,STORM,storm|7981|7_7981_0,7981,7_7981_0,2025,rank_2001_5000,0.0,37.34422296968708,intensity_distance_weighted_mps,107.14285714,0.010714285714285714,4.6204620462046195,46.47727272727273,2,74.1801073048323,15.7,-61.89999999999998,SW
storm,STORM,storm|6026|6_6026_8,6026,6_6026_8,2108,rank_2001_5000,0.0,36.64168429980886,intensity_distance_weighted_mps,107.14285714,0.010714285714285714,4.402515723270439,50.227272727272734,3,91.33616478183365,15.5,-61.89999999999998,SW
storm,STORM,storm|2574|2_2574_11,2574,2_2574_11,2118,rank_2001_5000,0.0,36.60468185975046,intensity_distance_weighted_mps,107.14285714,0.010714285714285714,4.204204204204204,38.75000000000001,1,36.31355717378208,16.5,-61.39999999999998,NE
storm,STORM,storm|2710|2_2710_10,2710,2_2710_10,2150,rank_2001_5000,0.0,36.311346699173654,intensity_distance_weighted_mps,107.14285714,0.010714285714285714,4.022988505747127,66.5909090909091,4,136.9761256706651,15.0,-61.80000000000001,SW
storm,STORM,storm|2616|2_2616_12,2616,2_2616_12,2251,rank_2001_5000,0.0,35.53799040170571,intensity_distance_weighted_mps,107.14285714,0.010714285714285714,3.8567493112947657,39.09090909090909,1,47.428289317141335,16.6,-61.39999999999998,NE
storm,STORM,storm|2529|2_2529_9,2529,2_2529_9,2265,rank_2001_5000,0.0,35.45595059582157,intensity_distance_weighted_mps,107.14285714,0.010714285714285714,3.7037037037037033,40.56818181818183,1,56.9576334636541,16.5,-61.0,NE
storm,STORM,storm|9011|9_9011_0,9011,9_9011_0,2450,rank_2001_5000,0.0,34.21068012542636,intensity_distance_weighted_mps,107.14285714,0.010714285714285714,3.562340966921119,58.06818181818183,4,125.26302247088375,15.2,-62.0,SW
storm,STORM,storm|8540|8_8540_4,8540,8_8540_4,2829,rank_2001_5000,0.0,31.766252711989026,intensity_distance_weighted_mps,107.14285714,0.010714285714285714,3.431372549019607,57.38636363636364,3,134.70966888502159,16.9,-60.39999999999998,NE
storm,STORM,storm|4721|4_4721_9,4721,4_4721_9,2924,rank_2001_5000,0.0,31.14541665743956,intensity_distance_weighted_mps,107.14285714,0.010714285714285714,3.3096926713947985,32.727272727272734,0,33.80474537884485,16.4,-61.19999999999999,NE
storm,STORM,storm|8221|8_8221_2,8221,8_8221_2,2939,rank_2001_5000,0.0,31.042369200903934,intensity_distance_weighted_mps,107.14285714,0.010714285714285714,3.1963470319634695,57.045454545454554,3,137.28600579101433,15.2,-62.19999999999999,SW
storm,STORM,storm|7859|7_7859_8,7859,7_7859_8,2978,rank_2001_5000,0.0,30.851071925662875,intensity_distance_weighted_mps,107.14285714,0.010714285714285714,3.0905077262693146,62.84090909090909,4,152.74329134733412,14.8,-61.39999999999998,SE
storm,STORM,storm|2478|2_2478_3,2478,2_2478_3,2991,rank_2001_5000,0.0,30.796232828952835,intensity_distance_weighted_mps,107.14285714,0.010714285714285714,2.99145299145299,59.54545454545455,4,144.92907086541166,15.0,-62.0,SW
storm,STORM,storm|382|0_382_4,382,0_382_4,2996,rank_2001_5000,0.0,30.7620144389491,intensity_distance_weighted_mps,107.14285714,0.010714285714285714,2.89855072463768,35.56818181818182,1,59.29025510157489,16.7,-61.5,NW
storm,STORM,storm|3921|3_3921_4,3921,3_3921_4,3047,rank_2001_5000,0.0,30.399479935627,intensity_distance_weighted_mps,107.14285714,0.010714285714285714,2.8112449799196773,41.25,1,89.61556748781072,15.6,-62.0,SW
storm,STORM,storm|219|0_219_8,219,0_219_8,3140,rank_2001_5000,0.0,29.908192139852147,intensity_distance_weighted_mps,107.14285714,0.010714285714285714,2.7290448343079907,41.13636363636364,1,91.90744578117216,16.9,-61.0,NE
storm,STORM,storm|4918|4_4918_7,4918,4_4918_7,3185,rank_2001_5000,0.0,29.595089913355107,intensity_distance_weighted_mps,107.14285714,0.010714285714285714,2.65151515151515,52.159090909090914,3,130.9753242517024,15.2,-62.10000000000002,SW
storm,STORM,storm|8060|8_8060_2,8060,8_8060_2,3403,rank_2001_5000,0.0,28.39089996889177,intensity_distance_weighted_mps,107.14285714,0.010714285714285714,2.578268876611417,30.681818181818183,0,42.609503309266124,15.8,-61.5,SW
storm,STORM,storm|4969|4_4969_15,4969,4_4969_15,3602,rank_2001_5000,0.0,27.353217346110334,intensity_distance_weighted_mps,107.14285714,0.010714285714285714,2.508960573476701,28.295454545454547,0,27.839868137921705,16.4,-61.30000000000001,NE
storm,STORM,storm|7858|7_7858_11,7858,7_7858_11,3814,rank_2001_5000,0.0,26.26777010712002,intensity_distance_weighted_mps,107.14285714,0.010714285714285714,2.4432809773123894,52.50000000000001,3,149.89849087774124,15.0,-62.10000000000002,SW
storm,STORM,storm|1306|1_1306_7,1306,1_1306_7,4039,rank_2001_5000,0.0,25.18293649303098,intensity_distance_weighted_mps,107.14285714,0.010714285714285714,2.3809523809523796,37.159090909090914,1,103.44196632095746,17.1,-61.5,NW
storm,STORM,storm|5368|5_5368_3,5368,5_5368_3,4086,rank_2001_5000,0.0,24.982705435591438,intensity_distance_weighted_mps,107.14285714,0.010714285714285714,2.3217247097844096,62.727272727272734,4,184.37360646582056,14.7,-62.19999999999999,SW
storm,STORM,storm|7865|7_7865_3,7865,7_7865_3,4220,rank_2001_5000,0.0,24.27534290354521,intensity_distance_weighted_mps,107.14285714,0.010714285714285714,2.265372168284788,40.68181818181818,1,123.31508784504425,15.1,-61.69999999999999,SW
storm,STORM,storm|5142|5_5142_3,5142,5_5142_3,4337,rank_2001_5000,0.0,23.704831586261143,intensity_distance_weighted_mps,107.14285714,0.010714285714285714,2.2116903633491294,50.56818181818182,3,159.68087696730538,14.9,-62.10000000000002,SW
storm,STORM,storm|3935|3_3935_8,3935,3_3935_8,4519,rank_2001_5000,0.0,22.879130093420354,intensity_distance_weighted_mps,107.14285714,0.010714285714285714,2.1604938271604923,40.34090909090909,1,131.043579910887,15.0,-61.30000000000001,SE
storm,STORM,storm|2475|2_2475_6,2475,2_2475_6,4535,rank_2001_5000,0.0,22.829948933839727,intensity_distance_weighted_mps,107.14285714,0.010714285714285714,2.111613876319757,70.3409090909091,5,216.3892554746617,18.1,-61.69999999999999,NW
storm,STORM,storm|4281|4_4281_1,4281,4_4281_1,4859,rank_2001_5000,0.0,21.523739931527313,intensity_distance_weighted_mps,107.14285714,0.010714285714285714,2.0648967551622404,26.250000000000004,0,70.28962055922305,16.8,-61.5,NW
storm,STORM,storm|3703|3_3703_13,3703,3_3703_13,4887,rank_2001_5000,0.0,21.42189941924527,intensity_distance_weighted_mps,107.14285714,0.010714285714285714,2.0202020202020186,33.06818181818182,1,110.60020436641189,15.2,-61.19999999999999,SE
storm,STORM,storm|7160|7_7160_8,7160,7_7160_8,5247,rank_5001_10000,0.0,20.086256565976452,intensity_distance_weighted_mps,208.33333333,0.020833333333333336,1.9386106623586417,26.363636363636367,0,83.85538531905648,16.9,-61.19999999999999,NE
storm,STORM,storm|2477|2_2477_10,2477,2_2477_10,5587,rank_5001_10000,0.0,18.96260250334095,intensity_distance_weighted_mps,208.33333333,0.020833333333333336,1.8633540372670794,51.81818181818183,3,197.44532396066558,14.4,-61.5,SW
storm,STORM,storm|9717|9_9717_11,9717,9_9717_11,6017,rank_5001_10000,0.0,17.516815519063723,intensity_distance_weighted_mps,208.33333333,0.020833333333333336,1.793721973094169,65.00000000000001,4,246.96397100846215,14.9,-63.30000000000001,SW
storm,STORM,storm|9924|9_9924_3,9924,9_9924_3,6325,rank_5001_10000,0.0,16.66068615581236,intensity_distance_weighted_mps,208.33333333,0.020833333333333336,1.7291066282420735,41.36363636363637,1,182.6498116979866,14.6,-61.89999999999998,SW
storm,STORM,storm|7876|7_7876_7,7876,7_7876_7,6493,rank_5001_10000,0.0,16.14364896595602,intensity_distance_weighted_mps,208.33333333,0.020833333333333336,1.668984700973573,66.25,4,264.2632638929065,18.3,-60.30000000000001,NE
storm,STORM,storm|8312|8_8312_10,8312,8_8312_10,6791,rank_5001_10000,0.0,15.244343193675682,intensity_distance_weighted_mps,208.33333333,0.020833333333333336,1.6129032258064502,52.27272727272728,3,233.77834525613937,14.3,-62.39999999999998,SW
storm,STORM,storm|674|0_674_1,674,0_674_1,6903,rank_5001_10000,0.0,14.930417908933732,intensity_distance_weighted_mps,208.33333333,0.020833333333333336,1.5604681404421312,51.363636363636374,3,234.31713360012415,14.1,-61.80000000000001,SW
storm,STORM,storm|8851|8_8851_5,8851,8_8851_5,7284,rank_5001_10000,0.0,14.009635674094957,intensity_distance_weighted_mps,208.33333333,0.020833333333333336,1.511335012594457,78.86363636363637,5,322.73511732829144,13.6,-62.80000000000001,SW
storm,STORM,storm|3872|3_3872_1,3872,3_3872_1,7308,rank_5001_10000,0.0,13.949832069001506,intensity_distance_weighted_mps,208.33333333,0.020833333333333336,1.4652014652014638,32.84090909090909,0,174.55613958139634,14.8,-62.19999999999999,SW
storm,STORM,storm|2130|2_2130_13,2130,2_2130_13,7508,rank_5001_10000,0.0,13.473042889373852,intensity_distance_weighted_mps,208.33333333,0.020833333333333336,1.4218009478672973,30.90909090909091,0,170.6406281413698,14.9,-62.30000000000001,SW
storm,STORM,storm|9838|9_9838_16,9838,9_9838_16,7628,rank_5001_10000,0.0,13.186677306624127,intensity_distance_weighted_mps,208.33333333,0.020833333333333336,1.3808975834292276,63.52272727272727,4,293.06444726922405,17.0,-58.80000000000001,NE
storm,STORM,storm|4063|4_4063_2,4063,4_4063_2,8000,rank_5001_10000,0.0,12.387758789796736,intensity_distance_weighted_mps,208.33333333,0.020833333333333336,1.3422818791946294,69.31818181818183,4,321.5637571678844,18.9,-60.39999999999998,NE
storm,STORM,storm|3578|3_3578_4,3578,3_3578_4,8055,rank_5001_10000,0.0,12.2883887757214,intensity_distance_weighted_mps,208.33333333,0.020833333333333336,1.3057671381936875,52.04545454545455,3,269.805593903455,18.6,-61.39999999999998,NE
storm,STORM,storm|3789|3_3789_13,3789,3_3789_13,8206,rank_5001_10000,0.0,11.968967816570544,intensity_distance_weighted_mps,208.33333333,0.020833333333333336,1.2711864406779647,46.25000000000001,2,253.85741558232442,17.4,-59.39999999999998,NE
storm,STORM,storm|8734|8_8734_7,8734,8_8734_7,8312,rank_5001_10000,0.0,11.768397587934817,intensity_distance_weighted_mps,208.33333333,0.020833333333333336,1.2383900928792555,26.818181818181824,0,169.62807345227435,14.8,-62.10000000000002,SW
storm,STORM,storm|5441|5_5441_9,5441,5_5441_9,8584,rank_5001_10000,0.0,11.259844820411269,intensity_distance_weighted_mps,208.33333333,0.020833333333333336,1.207243460764586,30.79545454545455,0,197.5779803262004,14.4,-61.30000000000001,SE
storm,STORM,storm|3394|3_3394_0,3394,3_3394_0,8867,rank_5001_10000,0.0,10.765463430190955,intensity_distance_weighted_mps,208.33333333,0.020833333333333336,1.1776251226692822,44.43181818181819,2,265.26071856135076,14.2,-62.80000000000001,SW
storm,STORM,storm|9514|9_9514_17,9514,9_9514_17,9027,rank_5001_10000,0.0,10.510278967553795,intensity_distance_weighted_mps,208.33333333,0.020833333333333336,1.1494252873563204,59.20454545454546,4,322.86654880080914,13.4,-62.30000000000001,SW
storm,STORM,storm|492|0_492_2,492,0_492_2,9103,rank_5001_10000,0.0,10.391744044943929,intensity_distance_weighted_mps,208.33333333,0.020833333333333336,1.1225444340505133,53.18181818181818,3,304.38171374419494,18.5,-59.89999999999998,NE
storm,STORM,storm|5506|5_5506_1,5506,5_5506_1,9419,rank_5001_10000,0.0,9.887472413070784,intensity_distance_weighted_mps,208.33333333,0.020833333333333336,1.0968921389396697,60.11363636363637,4,338.0754397720728,18.9,-60.0,NE
storm,STORM,storm|9698|9_9698_0,9698,9_9698_0,9579,rank_5001_10000,0.0,9.635972756060333,intensity_distance_weighted_mps,208.33333333,0.020833333333333336,1.072386058981232,20.795454545454547,0,161.42302860597644,16.2,-59.89999999999998,NE
storm,STORM,storm|6771|6_6771_8,6771,6_6771_8,9748,rank_5001_10000,0.0,9.386926010323624,intensity_distance_weighted_mps,208.33333333,0.020833333333333336,1.0489510489510476,61.5909090909091,4,353.73772779409626,13.3,-60.0,SE
storm,STORM,storm|7744|7_7744_9,7744,7_7744_9,9750,rank_5001_10000,0.0,9.384271738005529,intensity_distance_weighted_mps,208.33333333,0.020833333333333336,1.0265183917878515,67.04545454545455,4,371.8199986524643,13.0,-62.5,SW
storm,STORM,storm|4206|4_4206_5,4206,4_4206_5,9893,rank_5001_10000,0.0,9.173152886914787,intensity_distance_weighted_mps,208.33333333,0.020833333333333336,1.0050251256281395,40.22727272727273,1,275.98886182519186,13.7,-61.19999999999999,SE
storm,STORM,storm|735|0_735_4,735,0_735_4,11436,rank_gt_10000,0.0,7.321809452237405,intensity_distance_weighted_mps,707.625,0.0707625,0.9382953519193993,32.95454545454546,1,280.65935979603915,13.8,-62.30000000000001,SW
storm,STORM,storm|8532|8_8532_5,8532,8_8532_5,11678,rank_gt_10000,0.0,7.081246034653115,intensity_distance_weighted_mps,707.625,0.0707625,0.8798750577417996,41.477272727272734,1,330.5906418696326,13.3,-62.19999999999999,SW
storm,STORM,storm|7585|7_7585_6,7585,7_7585_6,12343,rank_gt_10000,0.0,6.470893731182823,intensity_distance_weighted_mps,707.625,0.0707625,0.8283031175258576,38.40909090909091,1,333.2455234200197,18.3,-59.19999999999999,NE
storm,STORM,storm|173|0_173_0,173,0_173_0,12448,rank_gt_10000,0.0,6.381002983532217,intensity_distance_weighted_mps,707.625,0.0707625,0.7824420014866389,50.795454545454554,3,395.7390775154906,19.6,-60.39999999999998,NE
storm,STORM,storm|918|0_918_1,918,0_918_1,13456,rank_gt_10000,0.0,5.552103798511886,intensity_distance_weighted_mps,707.625,0.0707625,0.7413928918956482,29.090909090909093,0,308.85503020233324,18.2,-63.39999999999998,NW
storm,STORM,storm|3603|3_3603_5,3603,3_3603_5,14153,rank_gt_10000,0.0,5.067979177538372,intensity_distance_weighted_mps,707.625,0.0707625,0.7044361868869196,45.113636363636374,2,421.6494719146469,12.8,-63.19999999999999,SW
storm,STORM,storm|9742|9_9742_13,9742,9_9742_13,14584,rank_gt_10000,0.0,4.779198732086883,intensity_distance_weighted_mps,707.625,0.0707625,0.6709889538443466,31.250000000000004,0,353.0183313633878,13.0,-61.5,SW
storm,STORM,storm|303|0_303_6,303,0_303_6,14925,rank_gt_10000,0.0,4.544071843092826,intensity_distance_weighted_mps,707.625,0.0707625,0.640573954263019,25.909090909090914,0,325.25224798342555,18.9,-60.30000000000001,NE
storm,STORM,storm|5005|5_5005_1,5005,5_5005_1,14993,rank_gt_10000,0.0,4.498663821101774,intensity_distance_weighted_mps,707.625,0.0707625,0.6127967276654736,43.63636363636364,2,442.43261843507224,12.2,-61.19999999999999,SE
storm,STORM,storm|938|0_938_7,938,0_938_7,15690,rank_gt_10000,0.0,4.091711464346187,intensity_distance_weighted_mps,707.625,0.0707625,0.5873283899860503,35.00000000000001,1,412.2647829684558,12.8,-63.0,SW
storm,STORM,storm|5529|5_5529_9,5529,5_5529_9,16128,rank_gt_10000,0.0,3.8635668661716966,intensity_distance_weighted_mps,707.625,0.0707625,0.5638925502745445,23.522727272727273,0,338.36039690806314,18.8,-59.80000000000001,NE
storm,STORM,storm|6342|6_6342_5,6342,6_6342_5,16525,rank_gt_10000,0.0,3.6615978285924475,intensity_distance_weighted_mps,707.625,0.0707625,0.5422552395412515,35.00000000000001,1,438.8280327560089,12.5,-62.89999999999998,SW
storm,STORM,storm|7690|7_7690_12,7690,7_7690_12,16798,rank_gt_10000,0.0,3.513535838193585,intensity_distance_weighted_mps,707.625,0.0707625,0.5222170725816448,38.295454545454554,1,471.94982898606946,14.6,-65.5,SW
storm,STORM,storm|6650|6_6650_12,6650,6_6650_12,18715,rank_gt_10000,0.0,2.6017483866795548,intensity_distance_weighted_mps,707.625,0.0707625,0.503607085751696,29.204545454545457,0,479.64758578522134,17.5,-65.69999999999999,NW
storm,STORM,storm|6967|6_6967_6,6967,6_6967_6,18971,rank_gt_10000,0.0,2.4710907952392964,intensity_distance_weighted_mps,707.625,0.0707625,0.4862778470048319,27.38636363636364,0,476.29906751717795,12.7,-64.0,SW
storm,STORM,storm|905|0_905_3,905,0_905_3,19981,rank_gt_10000,0.0,1.9859010742031395,intensity_distance_weighted_mps,707.625,0.0707625,0.4701015419330571,33.06818181818182,1,593.4291738912441,19.7,-57.19999999999999,NE
storm_cmcc,STORM_CMCC,storm_cmcc|8779|8_8779_9,8779,8_8779_9,122,rank_101_200,0.0,69.09378376501017,intensity_distance_weighted_mps,50.0,0.005,200.0,74.43181818181819,5,41.69293374799521,16.4,-61.10000000000002,NE
storm_cmcc,STORM_CMCC,storm_cmcc|309|0_309_0,309,0_309_0,142,rank_101_200,0.0,68.21150220483365,intensity_distance_weighted_mps,50.0,0.005,100.0,75.45454545454547,5,48.87907642712006,16.6,-61.30000000000001,NE
storm_cmcc,STORM_CMCC,storm_cmcc|6897|6_6897_7,6897,6_6897_7,208,rank_201_500,0.0,64.95176939075186,intensity_distance_weighted_mps,50.0,0.005,66.66666666666667,67.5,4,29.710853636194447,16.0,-61.19999999999999,SE
storm_cmcc,STORM_CMCC,storm_cmcc|7051|7_7051_3,7051,7_7051_3,284,rank_201_500,0.0,62.15979501011809,intensity_distance_weighted_mps,50.0,0.005,50.0,66.93181818181819,4,41.56116800704096,15.8,-61.39999999999998,SE
storm_cmcc,STORM_CMCC,storm_cmcc|6930|6_6930_5,6930,6_6930_5,290,rank_201_500,0.0,61.955274987657724,intensity_distance_weighted_mps,50.0,0.005,40.0,69.54545454545456,4,52.50227707186987,16.6,-61.19999999999999,NE
storm_cmcc,STORM_CMCC,storm_cmcc|6978|6_6978_1,6978,6_6978_1,294,rank_201_500,0.0,61.79262621260474,intensity_distance_weighted_mps,50.0,0.005,33.33333333333333,73.52272727272728,5,65.35424611727733,16.2,-60.80000000000001,NE
storm_cmcc,STORM_CMCC,storm_cmcc|8088|8_8088_1,8088,8_8088_1,433,rank_201_500,0.0,57.91366685400406,intensity_distance_weighted_mps,50.0,0.005,28.57142857142857,62.613636363636374,4,42.731510770523286,16.5,-61.19999999999999,NE
storm_cmcc,STORM_CMCC,storm_cmcc|4555|4_4555_10,4555,4_4555_10,458,rank_201_500,0.0,57.30971375634808,intensity_distance_weighted_mps,50.0,0.005,25.0,57.84090909090909,4,14.441232677570758,16.1,-61.30000000000001,SE
storm_cmcc,STORM_CMCC,storm_cmcc|3102|3_3102_13,3102,3_3102_13,505,rank_501_1000,0.0,56.35042736223405,intensity_distance_weighted_mps,62.5,0.00625,21.62162162162162,74.88636363636365,5,86.02999860517504,15.4,-61.39999999999998,SE
storm_cmcc,STORM_CMCC,storm_cmcc|2994|2_2994_1,2994,2_2994_1,542,rank_501_1000,0.0,55.14357748272703,intensity_distance_weighted_mps,62.5,0.00625,19.047619047619047,71.13636363636364,5,80.7803731887594,16.9,-61.39999999999998,NE
storm_cmcc,STORM_CMCC,storm_cmcc|3304|3_3304_9,3304,3_3304_9,592,rank_501_1000,0.0,54.2977812354459,intensity_distance_weighted_mps,62.5,0.00625,17.02127659574468,61.13636363636364,4,53.23328406682556,15.8,-61.10000000000002,SE
storm_cmcc,STORM_CMCC,storm_cmcc|8508|8_8508_8,8508,8_8508_8,652,rank_501_1000,0.0,52.97829727517705,intensity_distance_weighted_mps,62.5,0.00625,15.384615384615383,57.045454545454554,3,41.56116800704096,15.8,-61.39999999999998,SE
storm_cmcc,STORM_CMCC,storm_cmcc|2867|2_2867_7,2867,2_2867_7,669,rank_501_1000,0.0,52.73148359982139,intensity_distance_weighted_mps,62.5,0.00625,14.035087719298245,64.43181818181819,4,70.65703423409055,16.8,-61.30000000000001,NE
storm_cmcc,STORM_CMCC,storm_cmcc|7177|7_7177_1,7177,7_7177_1,751,rank_501_1000,0.0,51.55074770479986,intensity_distance_weighted_mps,62.5,0.00625,12.90322580645161,56.70454545454546,3,47.428289317141335,16.6,-61.39999999999998,NE
storm_cmcc,STORM_CMCC,storm_cmcc|6642|6_6642_7,6642,6_6642_7,793,rank_501_1000,0.0,50.94884209556331,intensity_distance_weighted_mps,62.5,0.00625,11.940298507462684,63.409090909090914,4,74.1801073048323,15.7,-61.89999999999998,SW
storm_cmcc,STORM_CMCC,storm_cmcc|277|0_277_4,277,0_277_4,911,rank_501_1000,0.0,49.112909286138475,intensity_distance_weighted_mps,62.5,0.00625,11.111111111111109,66.5909090909091,4,89.48274405764059,16.6,-60.69999999999999,NE
storm_cmcc,STORM_CMCC,storm_cmcc|7447|7_7447_10,7447,7_7447_10,1123,rank_1001_2000,0.0,45.82525245350426,intensity_distance_weighted_mps,71.42857143,0.007142857142857143,10.29411764705882,46.25000000000001,2,14.441232677570758,16.1,-61.30000000000001,SE
storm_cmcc,STORM_CMCC,storm_cmcc|113|0_113_5,113,0_113_5,1183,rank_1001_2000,0.0,45.05993510123033,intensity_distance_weighted_mps,71.42857143,0.007142857142857143,9.589041095890408,47.727272727272734,2,36.495134936606505,15.9,-61.60000000000002,SW
storm_cmcc,STORM_CMCC,storm_cmcc|9806|9_9806_7,9806,9_9806_7,1188,rank_1001_2000,0.0,45.01241280831314,intensity_distance_weighted_mps,71.42857143,0.007142857142857143,8.974358974358973,55.0,3,70.65703423409055,16.8,-61.30000000000001,NE
storm_cmcc,STORM_CMCC,storm_cmcc|1582|1_1582_3,1582,1_1582_3,1258,rank_1001_2000,0.0,44.205386431997866,intensity_distance_weighted_mps,71.42857143,0.007142857142857143,8.433734939759034,45.113636363636374,2,21.500885690759674,16.0,-61.5,SW
storm_cmcc,STORM_CMCC,storm_cmcc|4169|4_4169_10,4169,4_4169_10,1263,rank_1001_2000,0.0,44.13352893389311,intensity_distance_weighted_mps,71.42857143,0.007142857142857143,7.954545454545452,50.00000000000001,3,54.6884227201857,16.2,-60.89999999999998,NE
storm_cmcc,STORM_CMCC,storm_cmcc|4186|4_4186_0,4186,4_4186_0,1283,rank_1001_2000,0.0,43.883315651612136,intensity_distance_weighted_mps,71.42857143,0.007142857142857143,7.526881720430105,44.88636363636364,2,22.677877083396297,16.0,-61.30000000000001,SE
storm_cmcc,STORM_CMCC,storm_cmcc|501|0_501_10,501,0_501_10,1402,rank_1001_2000,0.0,42.424494965441404,intensity_distance_weighted_mps,71.42857143,0.007142857142857143,7.142857142857141,50.909090909090914,3,67.08084135222408,15.7,-61.80000000000001,SW
storm_cmcc,STORM_CMCC,storm_cmcc|1530|1_1530_16,1530,1_1530_16,1403,rank_1001_2000,0.0,42.417477583357766,intensity_distance_weighted_mps,71.42857143,0.007142857142857143,6.796116504854367,43.75000000000001,2,26.58618983476137,16.3,-61.19999999999999,NE
storm_cmcc,STORM_CMCC,storm_cmcc|4632|4_4632_10,4632,4_4632_10,1412,rank_1001_2000,0.0,42.31540451924156,intensity_distance_weighted_mps,71.42857143,0.007142857142857143,6.481481481481479,42.5,2,9.90723678480257,16.2,-61.5,NW
storm_cmcc,STORM_CMCC,storm_cmcc|240|0_240_0,240,0_240_0,1721,rank_1001_2000,0.0,39.66074524406159,intensity_distance_weighted_mps,71.42857143,0.007142857142857143,6.194690265486724,52.95454545454546,3,86.8431159355508,15.4,-61.30000000000001,SE
storm_cmcc,STORM_CMCC,storm_cmcc|597|0_597_6,597,0_597_6,1794,rank_1001_2000,0.0,38.97203335596501,intensity_distance_weighted_mps,71.42857143,0.007142857142857143,5.932203389830507,43.409090909090914,2,50.61302064107246,16.4,-61.0,NE
storm_cmcc,STORM_CMCC,storm_cmcc|3471|3_3471_10,3471,3_3471_10,1887,rank_1001_2000,0.0,38.219462330205005,intensity_distance_weighted_mps,71.42857143,0.007142857142857143,5.691056910569104,50.909090909090914,3,86.43177417568211,16.9,-61.69999999999999,NW
storm_cmcc,STORM_CMCC,storm_cmcc|5851|5_5851_12,5851,5_5851_12,1956,rank_1001_2000,0.0,37.66874788180587,intensity_distance_weighted_mps,71.42857143,0.007142857142857143,5.468749999999998,40.79545454545455,1,43.21596712462556,15.799999999999995,-61.30000000000001,SE
storm_cmcc,STORM_CMCC,storm_cmcc|8082|8_8082_4,8082,8_8082_4,1985,rank_1001_2000,0.0,37.44668624569744,intensity_distance_weighted_mps,71.42857143,0.007142857142857143,5.263157894736841,56.36363636363637,3,106.61298974719443,15.4,-62.0,SW
storm_cmcc,STORM_CMCC,storm_cmcc|3393|3_3393_3,3393,3_3393_3,2041,rank_2001_5000,0.0,36.9732832527483,intensity_distance_weighted_mps,107.14285714,0.010714285714285714,4.982206405693949,50.68181818181819,3,91.33616478183365,15.5,-61.89999999999998,SW
storm_cmcc,STORM_CMCC,storm_cmcc|5035|5_5035_3,5035,5_5035_3,2173,rank_2001_5000,0.0,36.08662252477862,intensity_distance_weighted_mps,107.14285714,0.010714285714285714,4.729729729729729,45.45454545454546,2,76.42576511175447,16.1,-60.69999999999999,SE
storm_cmcc,STORM_CMCC,storm_cmcc|5402|5_5402_1,5402,5_5402_1,2223,rank_2001_5000,0.0,35.75491486753216,intensity_distance_weighted_mps,107.14285714,0.010714285714285714,4.5016077170418,52.84090909090909,3,103.69158487165012,17.1,-61.30000000000001,NE
storm_cmcc,STORM_CMCC,storm_cmcc|975|0_975_3,975,0_975_3,2256,rank_2001_5000,0.0,35.57943860064563,intensity_distance_weighted_mps,107.14285714,0.010714285714285714,4.294478527607362,37.045454545454554,1,30.448160511479074,15.9,-61.39999999999998,SE
storm_cmcc,STORM_CMCC,storm_cmcc|6300|6_6300_5,6300,6_6300_5,2334,rank_2001_5000,0.0,35.007828507023696,intensity_distance_weighted_mps,107.14285714,0.010714285714285714,4.105571847507331,41.477272727272734,1,64.48254338211376,15.6,-61.5,SW
storm_cmcc,STORM_CMCC,storm_cmcc|251|0_251_4,251,0_251_4,2366,rank_2001_5000,0.0,34.7930035179668,intensity_distance_weighted_mps,107.14285714,0.010714285714285714,3.9325842696629216,48.06818181818182,2,92.65427880608104,17.0,-61.30000000000001,NE
storm_cmcc,STORM_CMCC,storm_cmcc|2412|2_2412_9,2412,2_2412_9,2638,rank_2001_5000,0.0,33.187693704738905,intensity_distance_weighted_mps,107.14285714,0.010714285714285714,3.773584905660377,33.409090909090914,1,12.251486582519494,16.2,-61.30000000000001,NE
storm_cmcc,STORM_CMCC,storm_cmcc|7381|7_7381_0,7381,7_7381_0,2712,rank_2001_5000,0.0,32.80872860900908,intensity_distance_weighted_mps,107.14285714,0.010714285714285714,3.6269430051813467,49.0909090909091,3,105.67027574681693,15.3,-61.80000000000001,SW
storm_cmcc,STORM_CMCC,storm_cmcc|950|0_950_14,950,0_950_14,2809,rank_2001_5000,0.0,32.19716135770106,intensity_distance_weighted_mps,107.14285714,0.010714285714285714,3.491271820448877,38.63636363636364,1,67.08084135222408,15.7,-61.80000000000001,SW
storm_cmcc,STORM_CMCC,storm_cmcc|8375|8_8375_10,8375,8_8375_10,2819,rank_2001_5000,0.0,32.17144189175986,intensity_distance_weighted_mps,107.14285714,0.010714285714285714,3.3653846153846145,42.38636363636364,2,84.52273041422534,15.8,-62.10000000000002,SW
storm_cmcc,STORM_CMCC,storm_cmcc|242|0_242_5,242,0_242_5,2912,rank_2001_5000,0.0,31.632111721249277,intensity_distance_weighted_mps,107.14285714,0.010714285714285714,3.2482598607888624,64.43181818181819,4,152.74329134733412,14.8,-61.39999999999998,SE
storm_cmcc,STORM_CMCC,storm_cmcc|431|0_431_15,431,0_431_15,2928,rank_2001_5000,0.0,31.55445807153744,intensity_distance_weighted_mps,107.14285714,0.010714285714285714,3.139013452914797,44.43181818181819,2,95.82400458222082,16.7,-60.69999999999999,NE
storm_cmcc,STORM_CMCC,storm_cmcc|4247|4_4247_8,4247,4_4247_8,3008,rank_2001_5000,0.0,31.125093239683146,intensity_distance_weighted_mps,107.14285714,0.010714285714285714,3.036876355748372,53.75,3,127.88786216743051,17.1,-60.69999999999999,NE
storm_cmcc,STORM_CMCC,storm_cmcc|5344|5_5344_15,5344,5_5344_15,3250,rank_2001_5000,0.0,29.73432668187907,intensity_distance_weighted_mps,107.14285714,0.010714285714285714,2.941176470588234,31.250000000000004,0,33.86608604338619,16.299999999999997,-61.69999999999999,NW
storm_cmcc,STORM_CMCC,storm_cmcc|6750|6_6750_4,6750,6_6750_4,3304,rank_2001_5000,0.0,29.502174229797063,intensity_distance_weighted_mps,107.14285714,0.010714285714285714,2.851323828920569,48.06818181818182,2,118.99357407455979,16.1,-60.30000000000001,SE
storm_cmcc,STORM_CMCC,storm_cmcc|2727|2_2727_6,2727,2_2727_6,3589,rank_2001_5000,0.0,28.19739104369379,intensity_distance_weighted_mps,107.14285714,0.010714285714285714,2.7667984189723307,35.34090909090909,1,75.49929018639075,15.5,-61.5,SW
storm_cmcc,STORM_CMCC,storm_cmcc|5167|5_5167_5,5167,5_5167_5,3697,rank_2001_5000,0.0,27.680765009046905,intensity_distance_weighted_mps,107.14285714,0.010714285714285714,2.6871401151631464,38.97727272727273,1,95.82400458222082,16.7,-60.69999999999999,NE
storm_cmcc,STORM_CMCC,storm_cmcc|3926|3_3926_4,3926,3_3926_4,3727,rank_2001_5000,0.0,27.522531583581916,intensity_distance_weighted_mps,107.14285714,0.010714285714285714,2.611940298507461,41.02272727272728,1,105.05509057978999,15.5,-62.10000000000002,SW
storm_cmcc,STORM_CMCC,storm_cmcc|3538|3_3538_0,3538,3_3538_0,3790,rank_2001_5000,0.0,27.241100225159048,intensity_distance_weighted_mps,107.14285714,0.010714285714285714,2.540834845735026,43.18181818181819,2,114.74476369438443,17.2,-61.30000000000001,NE
storm_cmcc,STORM_CMCC,storm_cmcc|974|0_974_7,974,0_974_7,3871,rank_2001_5000,0.0,26.783816077930897,intensity_distance_weighted_mps,107.14285714,0.010714285714285714,2.473498233215546,38.18181818181819,1,97.85193055477494,15.5,-62.0,SW
storm_cmcc,STORM_CMCC,storm_cmcc|8953|8_8953_15,8953,8_8953_15,3959,rank_2001_5000,0.0,26.326941141385813,intensity_distance_weighted_mps,107.14285714,0.010714285714285714,2.409638554216866,69.54545454545456,4,192.18786840391638,14.8,-62.5,SW
storm_cmcc,STORM_CMCC,storm_cmcc|9447|9_9447_0,9447,9_9447_0,4039,rank_2001_5000,0.0,25.9479813995773,intensity_distance_weighted_mps,107.14285714,0.010714285714285714,2.3489932885906026,33.52272727272727,1,81.04449186897043,16.799999999999997,-61.80000000000001,NW
storm_cmcc,STORM_CMCC,storm_cmcc|1155|1_1155_6,1155,1_1155_6,4384,rank_2001_5000,0.0,24.449724380433395,intensity_distance_weighted_mps,107.14285714,0.010714285714285714,2.2913256955810133,54.88636363636364,3,167.36036858929714,17.4,-60.5,NE
storm_cmcc,STORM_CMCC,storm_cmcc|6716|6_6716_0,6716,6_6716_0,4426,rank_2001_5000,0.0,24.28475591179457,intensity_distance_weighted_mps,107.14285714,0.010714285714285714,2.236421725239615,39.09090909090909,1,117.12389504959658,15.3,-60.80000000000001,SE
storm_cmcc,STORM_CMCC,storm_cmcc|7660|7_7660_3,7660,7_7660_3,4440,rank_2001_5000,0.0,24.256432152360922,intensity_distance_weighted_mps,107.14285714,0.010714285714285714,2.1840873634945384,36.02272727272727,1,104.47146068282125,16.7,-60.60000000000002,NE
storm_cmcc,STORM_CMCC,storm_cmcc|1792|1_1792_5,1792,1_1792_5,4454,rank_2001_5000,0.0,24.220751726933013,intensity_distance_weighted_mps,107.14285714,0.010714285714285714,2.134146341463413,46.25000000000001,2,143.05310503898684,14.9,-61.60000000000002,SW
storm_cmcc,STORM_CMCC,storm_cmcc|1904|1_1904_6,1904,1_1904_6,4927,rank_2001_5000,0.0,22.351958423195434,intensity_distance_weighted_mps,107.14285714,0.010714285714285714,2.086438152011921,35.79545454545455,1,116.32942507107016,17.2,-61.19999999999999,NE
storm_cmcc,STORM_CMCC,storm_cmcc|2326|2_2326_3,2326,2_2326_3,4943,rank_2001_5000,0.0,22.279058897536352,intensity_distance_weighted_mps,107.14285714,0.010714285714285714,2.0408163265306105,29.545454545454547,0,85.66479082844691,15.5,-61.80000000000001,SW
storm_cmcc,STORM_CMCC,storm_cmcc|1949|1_1949_9,1949,1_1949_9,5137,rank_5001_10000,0.0,21.61765942487477,intensity_distance_weighted_mps,208.33333333,0.020833333333333336,1.95758564437194,28.863636363636363,0,86.8431159355508,15.4,-61.30000000000001,SE
storm_cmcc,STORM_CMCC,storm_cmcc|5851|5_5851_5,5851,5_5851_5,5270,rank_5001_10000,0.0,21.175661426828285,intensity_distance_weighted_mps,208.33333333,0.020833333333333336,1.880877742946707,27.5,0,81.97479187396854,15.5,-61.10000000000002,SE
storm_cmcc,STORM_CMCC,storm_cmcc|6250|6_6250_5,6250,6_6250_5,5425,rank_5001_10000,0.0,20.648127069941022,intensity_distance_weighted_mps,208.33333333,0.020833333333333336,1.8099547511312204,22.72727272727273,0,47.598512925083384,16.5,-61.69999999999999,NW
storm_cmcc,STORM_CMCC,storm_cmcc|337|0_337_8,337,0_337_8,5433,rank_5001_10000,0.0,20.607667669648563,intensity_distance_weighted_mps,208.33333333,0.020833333333333336,1.7441860465116266,27.38636363636364,0,86.02999860517504,15.4,-61.39999999999998,SE
storm_cmcc,STORM_CMCC,storm_cmcc|2989|2_2989_1,2989,2_2989_1,5447,rank_5001_10000,0.0,20.569102685996,intensity_distance_weighted_mps,208.33333333,0.020833333333333336,1.6830294530154264,28.97727272727273,0,95.90347170416707,16.299999999999997,-62.30000000000001,NW
storm_cmcc,STORM_CMCC,storm_cmcc|3612|3_3612_2,3612,3_3612_2,5814,rank_5001_10000,0.0,19.457337626084648,intensity_distance_weighted_mps,208.33333333,0.020833333333333336,1.6260162601626003,52.27272727272728,3,194.7997226936559,17.9,-61.10000000000002,NE
storm_cmcc,STORM_CMCC,storm_cmcc|7677|7_7677_3,7677,7_7677_3,6226,rank_5001_10000,0.0,18.06852025748456,intensity_distance_weighted_mps,208.33333333,0.020833333333333336,1.5727391874180852,26.59090909090909,0,103.01741264281397,17.1,-61.39999999999998,NE
storm_cmcc,STORM_CMCC,storm_cmcc|1918|1_1918_7,1918,1_1918_7,7010,rank_5001_10000,0.0,15.727489901557785,intensity_distance_weighted_mps,208.33333333,0.020833333333333336,1.5228426395939072,22.386363636363637,0,97.60272465644468,15.3,-61.5,SW
storm_cmcc,STORM_CMCC,storm_cmcc|7772|7_7772_3,7772,7_7772_3,7059,rank_5001_10000,0.0,15.562666152660016,intensity_distance_weighted_mps,208.33333333,0.020833333333333336,1.4760147601476001,69.20454545454545,4,278.48464282917666,14.0,-62.69999999999999,SW
storm_cmcc,STORM_CMCC,storm_cmcc|1534|1_1534_7,1534,1_1534_7,7069,rank_5001_10000,0.0,15.531088491781256,intensity_distance_weighted_mps,208.33333333,0.020833333333333336,1.4319809069212397,38.86363636363637,1,183.85328529597547,17.8,-61.10000000000002,NE
storm_cmcc,STORM_CMCC,storm_cmcc|8811|8_8811_3,8811,8_8811_3,7545,rank_5001_10000,0.0,14.40465526852263,intensity_distance_weighted_mps,208.33333333,0.020833333333333336,1.3904982618771713,30.22727272727273,0,157.20957318158864,17.5,-60.89999999999998,NE
storm_cmcc,STORM_CMCC,storm_cmcc|6979|6_6979_5,6979,6_6979_5,7564,rank_5001_10000,0.0,14.349595527880494,intensity_distance_weighted_mps,208.33333333,0.020833333333333336,1.35135135135135,49.20454545454545,3,233.77801177433508,17.7,-59.89999999999998,NE
storm_cmcc,STORM_CMCC,storm_cmcc|1299|1_1299_0,1299,1_1299_0,7648,rank_5001_10000,0.0,14.107195382713474,intensity_distance_weighted_mps,208.33333333,0.020833333333333336,1.3143483023001081,38.75000000000001,1,198.25127327000922,14.4,-61.60000000000002,SW
storm_cmcc,STORM_CMCC,storm_cmcc|919|0_919_3,919,0_919_3,7864,rank_5001_10000,0.0,13.589631796287133,intensity_distance_weighted_mps,208.33333333,0.020833333333333336,1.2793176972281437,56.36363636363637,3,266.119911184537,18.5,-62.0,NW
storm_cmcc,STORM_CMCC,storm_cmcc|2740|2_2740_2,2740,2_2740_2,8026,rank_5001_10000,0.0,13.26369419703109,intensity_distance_weighted_mps,208.33333333,0.020833333333333336,1.2461059190031138,33.63636363636364,1,185.9015360012657,17.6,-60.5,NE
storm_cmcc,STORM_CMCC,storm_cmcc|9706|9_9706_6,9706,9_9706_6,8033,rank_5001_10000,0.0,13.251759395559827,intensity_distance_weighted_mps,208.33333333,0.020833333333333336,1.2145748987854237,50.795454545454554,3,252.47768266588278,18.0,-60.0,NE
storm_cmcc,STORM_CMCC,storm_cmcc|4027|4_4027_10,4027,4_4027_10,8302,rank_5001_10000,0.0,12.712203594795733,intensity_distance_weighted_mps,208.33333333,0.020833333333333336,1.1846001974333649,38.52272727272727,1,213.7367725711482,16.4,-63.39999999999998,NW
storm_cmcc,STORM_CMCC,storm_cmcc|6743|6_6743_13,6743,6_6743_13,8403,rank_5001_10000,0.0,12.48132547021169,intensity_distance_weighted_mps,208.33333333,0.020833333333333336,1.1560693641618485,38.52272727272727,1,216.66715670785675,15.1,-63.10000000000002,SW
storm_cmcc,STORM_CMCC,storm_cmcc|2992|2_2992_7,2992,2_2992_7,8422,rank_5001_10000,0.0,12.443934443553214,intensity_distance_weighted_mps,208.33333333,0.020833333333333336,1.1288805268109112,52.95454545454546,3,270.6429998459786,18.2,-60.0,NE
storm_cmcc,STORM_CMCC,storm_cmcc|4323|4_4323_9,4323,4_4323_9,8980,rank_5001_10000,0.0,11.416508229711354,intensity_distance_weighted_mps,208.33333333,0.020833333333333336,1.102941176470587,27.15909090909091,0,176.14187031164676,14.6,-61.60000000000002,SW
storm_cmcc,STORM_CMCC,storm_cmcc|2407|2_2407_2,2407,2_2407_2,9565,rank_5001_10000,0.0,10.418439688743184,intensity_distance_weighted_mps,208.33333333,0.020833333333333336,1.0781671159029638,26.931818181818183,0,188.84604144895115,17.8,-60.89999999999998,NE
storm_cmcc,STORM_CMCC,storm_cmcc|7490|7_7490_0,7490,7_7490_0,9744,rank_5001_10000,0.0,10.140363467653925,intensity_distance_weighted_mps,208.33333333,0.020833333333333336,1.0544815465729338,38.40909090909091,1,250.44803427180906,14.0,-60.80000000000001,SE
storm_cmcc,STORM_CMCC,storm_cmcc|6127|6_6127_9,6127,6_6127_9,9847,rank_5001_10000,0.0,9.990500891589418,intensity_distance_weighted_mps,208.33333333,0.020833333333333336,1.0318142734307811,30.56818181818182,0,215.27611239337998,16.5,-63.39999999999998,NW
storm_cmcc,STORM_CMCC,storm_cmcc|5966|5_5966_2,5966,5_5966_2,9934,rank_5001_10000,0.0,9.842215384259251,intensity_distance_weighted_mps,208.33333333,0.020833333333333336,1.0101010101010088,48.977272727272734,3,299.10785193231993,13.9,-62.89999999999998,SW
storm_cmcc,STORM_CMCC,storm_cmcc|361|0_361_5,361,0_361_5,10118,rank_gt_10000,0.0,9.563185618666546,intensity_distance_weighted_mps,681.22222222,0.06812222222222222,0.9450704077453759,28.181818181818183,0,209.297411396844,16.9,-59.60000000000002,NE
storm_cmcc,STORM_CMCC,storm_cmcc|7480|7_7480_10,7480,7_7480_10,10371,rank_gt_10000,0.0,9.18762090587453,intensity_distance_weighted_mps,681.22222222,0.06812222222222222,0.8879067106016051,45.45454545454546,2,298.01978001183807,13.8,-62.69999999999999,SW
storm_cmcc,STORM_CMCC,storm_cmcc|503|0_503_8,503,0_503_8,10839,rank_gt_10000,0.0,8.602282314930969,intensity_distance_weighted_mps,681.22222222,0.06812222222222222,0.8372638218302578,34.09090909090909,1,258.20082904887823,13.9,-61.89999999999998,SW
storm_cmcc,STORM_CMCC,storm_cmcc|1243|1_1243_3,1243,1_1243_3,11518,rank_gt_10000,0.0,7.8101739128559755,intensity_distance_weighted_mps,681.22222222,0.06812222222222222,0.7920861789762719,68.97727272727273,4,419.7781679728316,12.4,-61.30000000000001,SE
storm_cmcc,STORM_CMCC,storm_cmcc|4420|4_4420_3,4420,4_4420_3,11606,rank_gt_10000,0.0,7.716099991270368,intensity_distance_weighted_mps,681.22222222,0.06812222222222222,0.7515343826980078,28.636363636363637,0,246.98803347094918,14.8,-59.60000000000002,SE
storm_cmcc,STORM_CMCC,storm_cmcc|4583|4_4583_7,4583,4_4583_7,11925,rank_gt_10000,0.0,7.382491472213186,intensity_distance_weighted_mps,681.22222222,0.06812222222222222,0.714932558028692,53.977272727272734,3,376.8412369712504,18.9,-59.30000000000001,NE
storm_cmcc,STORM_CMCC,storm_cmcc|3434|3_3434_12,3434,3_3434_12,12785,rank_gt_10000,0.0,6.582245898219837,intensity_distance_weighted_mps,681.22222222,0.06812222222222222,0.6817303832082227,74.43181818181819,5,481.5903376582674,20.5,-61.19999999999999,NE
storm_cmcc,STORM_CMCC,storm_cmcc|2582|2_2582_6,2582,2_2582_6,12985,rank_gt_10000,0.0,6.415495587457665,intensity_distance_weighted_mps,681.22222222,0.06812222222222222,0.6514752294640526,31.136363636363637,0,294.4475953945837,18.6,-60.30000000000001,NE
storm_cmcc,STORM_CMCC,storm_cmcc|2441|2_2441_1,2441,2_2441_1,13037,rank_gt_10000,0.0,6.370232344314112,intensity_distance_weighted_mps,681.22222222,0.06812222222222222,0.6237914041544503,43.18181818181819,2,360.58353017432603,13.0,-62.10000000000002,SW
storm_cmcc,STORM_CMCC,storm_cmcc|7172|7_7172_4,7172,7_7172_4,13233,rank_gt_10000,0.0,6.217690801114416,intensity_distance_weighted_mps,681.22222222,0.06812222222222222,0.5983644704474432,28.636363636363637,0,284.8273229515501,13.7,-62.10000000000002,SW
storm_cmcc,STORM_CMCC,storm_cmcc|9392|9_9392_12,9392,9_9392_12,13418,rank_gt_10000,0.0,6.047123754549805,intensity_distance_weighted_mps,681.22222222,0.06812222222222222,0.574929251761519,55.56818181818182,3,429.2514673181071,17.1,-57.5,NE
storm_cmcc,STORM_CMCC,storm_cmcc|9072|9_9072_0,9072,9_9072_0,13576,rank_gt_10000,0.0,5.921101338047448,intensity_distance_weighted_mps,681.22222222,0.06812222222222222,0.5532605488344642,28.295454545454547,0,291.58505242905375,16.5,-58.69999999999999,NE
storm_cmcc,STORM_CMCC,storm_cmcc|1486|1_1486_8,1486,1_1486_8,13878,rank_gt_10000,0.0,5.684485528419104,intensity_distance_weighted_mps,681.22222222,0.06812222222222222,0.5331658797533216,23.75,0,267.4058126944382,13.9,-60.60000000000002,SE
storm_cmcc,STORM_CMCC,storm_cmcc|1948|1_1948_0,1948,1_1948_0,14018,rank_gt_10000,0.0,5.57104910908975,intensity_distance_weighted_mps,681.22222222,0.06812222222222222,0.5144797466473068,29.88636363636364,0,313.37381989497385,17.0,-58.60000000000002,NE
storm_cmcc,STORM_CMCC,storm_cmcc|3751|3_3751_8,3751,3_3751_8,15607,rank_gt_10000,0.0,4.555752089739681,intensity_distance_weighted_mps,681.22222222,0.06812222222222222,0.497059067185817,20.795454545454547,0,283.2045662600073,13.9,-62.60000000000002,SW
storm_cmcc,STORM_CMCC,storm_cmcc|1860|1_1860_4,1860,1_1860_4,16548,rank_gt_10000,0.0,4.034956850690724,intensity_distance_weighted_mps,681.22222222,0.06812222222222222,0.4807795038355518,40.34090909090909,1,449.94634433154226,12.2,-62.19999999999999,SW
storm_cmcc,STORM_CMCC,storm_cmcc|531|0_531_2,531,0_531_2,16589,rank_gt_10000,0.0,4.007105811017846,intensity_distance_weighted_mps,681.22222222,0.06812222222222222,0.4655324915816205,29.431818181818183,0,377.8364725380273,13.7,-59.0,SE
storm_cmcc,STORM_CMCC,storm_cmcc|5363|5_5363_0,5363,5_5363_0,21681,rank_gt_10000,0.0,1.5774413690951314,intensity_distance_weighted_mps,681.22222222,0.06812222222222222,0.4512228138254668,23.75,0,562.3705270770625,19.700000000000003,-57.60000000000002,NE
